{"cameraMode":{"drawMode":0,"name":"Shaded","section":"Shading Mode"},"sceneLighting":true,"audioPlay":false,"sceneViewState":{"m_AlwaysRefresh":false,"showFog":true,"showSkybox":true,"showFlares":true,"showImageEffects":true,"showParticleSystems":true,"showVisualEffectGraphs":true,"m_FxEnabled":true},"in2DMode":false,"pivot":{"x":0.911274790763855,"y":0.7409422397613525,"z":3.1183364391326906},"rotation":{"x":0.05730907991528511,"y":-0.011768209747970105,"z":-0.0019191994797438384,"w":0.9984794855117798},"size":6.089062690734863,"orthographic":false}