{"cameraMode":{"drawMode":0,"name":"Shaded","section":"Shading Mode"},"sceneLighting":true,"audioPlay":false,"sceneViewState":{"m_AlwaysRefresh":false,"showFog":true,"showSkybox":true,"showFlares":true,"showImageEffects":true,"showParticleSystems":true,"showVisualEffectGraphs":true,"m_FxEnabled":true},"in2DMode":false,"pivot":{"x":-0.22107213735580445,"y":-2.757417917251587,"z":2.7967686653137209},"rotation":{"x":0.2815312147140503,"y":0.18032656610012055,"z":-0.05727557837963104,"w":0.9410151243209839},"size":14.143808364868164,"orthographic":false}