{"cameraMode":{"drawMode":0,"name":"Shaded","section":"Shading Mode"},"sceneLighting":true,"audioPlay":false,"sceneViewState":{"m_AlwaysRefresh":false,"showFog":true,"showSkybox":false,"showFlares":true,"showImageEffects":true,"showParticleSystems":true,"showVisualEffectGraphs":true,"m_FxEnabled":true},"in2DMode":false,"pivot":{"x":-1.4464304447174073,"y":-1.8793069124221802,"z":0.7779055237770081},"rotation":{"x":0.09138128906488419,"y":-0.01614401675760746,"z":0.0010997800854966045,"w":0.9958198070526123},"size":0.35304874181747439,"orthographic":false}