{"cameraMode":{"drawMode":0,"name":"Shaded","section":"Shading Mode"},"sceneLighting":false,"audioPlay":false,"sceneViewState":{"m_AlwaysRefresh":false,"showFog":true,"showSkybox":false,"showFlares":true,"showImageEffects":true,"showParticleSystems":true,"showVisualEffectGraphs":true,"m_FxEnabled":true},"in2DMode":false,"pivot":{"x":2.109999895095825,"y":4.889145851135254,"z":0.699284553527832},"rotation":{"x":-0.0779227763414383,"y":0.005076820496469736,"z":-0.0003875659022014588,"w":-0.996969997882843},"size":0.0006173440488055348,"orthographic":false}